"sample","Otu0001","Otu0002","Otu0003","Otu0004","Depth_m","NO3_uM","NO2_uM","N2O_uM","NH4_uM"
"Saanich_010",263,0,3210,26,10,1.793,0.1275,0.000849,0.408
"Saanich_100",6489,0,18405,779,100,26.4,0.0817,0.018087,0.1344
"Saanich_120",24380,0,8221,3404,120,21.302,0.0978,0.016304,0.1782
"Saanich_135",39519,3,2793,5368,135,15.917,0.0706,0.012909,0.1296
"Saanich_150",55812,12,596,7032,150,5.278,0.1127,0.011815,2.1754
"Saanich_165",49362,6,178,10689,165,0,0.0805,0.00631,4.7095
"Saanich_200",8140,41438,60,273,200,0,0,0,7.3582
